{
    "block.note_block.bright_piano":
    {
        "sounds":
        [ 
            "note/bright_piano"
        ]
    },
    "block.note_block.electric_piano":
    {
        "sounds":
        [ 
            "note/electric_piano"
        ]
    },
    "block.note_block.piano":
    {
        "sounds":
        [ 
            "note/piano"
        ]
    },
    "block.note_block.harpsichord":
    {
        "sounds":
        [ 
            "note/harpsichord"
        ]
    },
    "block.note_block.celesta":
    {
        "sounds":
        [ 
            "note/celesta"
        ]
    },
    "block.note_block.music_box":
    {
        "sounds":
        [ 
            "note/music_box"
        ]
    },
    "block.note_block.vibraphone":
    {
        "sounds":
        [ 
            "note/vibraphone"
        ]
    },
    "block.note_block.marimba":
    {
        "sounds":
        [ 
            "note/marimba"
        ]
    },
    "block.note_block.tubular_bell":
    {
        "sounds":
        [ 
            "note/tubular_bell"
        ]
    },
    "block.note_block.declimer":
    {
        "sounds":
        [ 
            "note/declimer"
        ]
    },
    "block.note_block.percussive_organ":
    {
        "sounds":
        [ 
            "note/percussive_organ"
        ]
    },
    "block.note_block.drawbar_organ":
    {
        "sounds":
        [ 
            "note/drawbar_organ"
        ]
    },
    "block.note_block.accordion":
    {
        "sounds":
        [ 
            "note/accordion"
        ]
    },
    "block.note_block.harmonica":
    {
        "sounds":
        [ 
            "note/harmonica"
        ]
    },
    "block.note_block.nylon_guitar":
    {
        "sounds":
        [ 
            "note/nylon_guitar"
        ]
    },
    "block.note_block.overdriven_guitar":
    {
        "sounds":
        [ 
            "note/overdriven_guitar"
        ]
    },
    "block.note_block.power_guitar":
    {
        "sounds":
        [ 
            "note/power_guitar"
        ]
    },
    "block.note_block.acoustic_guitar":
    {
        "sounds":
        [ 
            "note/acoustic_guitar"
        ]
    },
    "block.note_block.slap_bass":
    {
        "sounds":
        [ 
            "note/slap_bass"
        ]
    },
    "block.note_block.fretless_bass":
    {
        "sounds":
        [ 
            "note/fretless_bass"
        ]
    },
    "block.note_block.violin":
    {
        "sounds":
        [ 
            "note/violin"
        ]
    },
    "block.note_block.tremolo_strings":
    {
        "sounds":
        [ 
            "note/tremolo_strings"
        ]
    },
    "block.note_block.pizzicato_strings":
    {
        "sounds":
        [ 
            "note/pizzcato_strings"
        ]
    },
    "block.note_block.timpani":
    {
        "sounds":
        [ 
            "note/timpani"
        ]
    },
    "block.note_block.strings":
    {
        "sounds":
        [ 
            "note/strings"
        ]
    },
    "block.note_block.choir_aahh":
    {
        "sounds":
        [ 
            "note/choir_aahh"
        ]
    },
    "block.note_block.orchestra_hit":
    {
        "sounds":
        [ 
            "note/orchestra_hit"
        ]
    },
    "block.note_block.trumpet":
    {
        "sounds":
        [ 
            "note/trumpet"
        ]
    },
    "block.note_block.brass":
    {
        "sounds":
        [ 
            "note/brass"
        ]
    },
    "block.note_block.sax":
    {
        "sounds":
        [ 
            "note/sax"
        ]
    },
    "block.note_block.piccolo":
    {
        "sounds":
        [ 
            "note/picollo"
        ]
    },
    "block.note_block.new_flute":
    {
        "sounds":
        [ 
            "note/new_flute"
        ]
    },
    "block.note_block.pan_flute":
    {
        "sounds":
        [ 
            "note/pan_flute"
        ]
    },
    "block.note_block.blown_bottle":
    {
        "sounds":
        [ 
            "note/blown_bottle"
        ]
    },
    "block.note_block.shakuhachi":
    {
        "sounds":
        [ 
            "note/shakuhachi"
        ]
    },
    "block.note_block.whistle":
    {
        "sounds":
        [ 
            "note/whistle"
        ]
    },
    "block.note_block.ocarina":
    {
        "sounds":
        [ 
            "note/ocarina"
        ]
    },
    "block.note_block.square":
    {
        "sounds":
        [ 
            "note/square"
        ]
    },
    "block.note_block.saw_bass":
    {
        "sounds":
        [ 
            "note/saw_bass"
        ]
    },
    "block.note_block.chiffer_lead":
    {
        "sounds":
        [ 
            "note/chiffer_lead"
        ]
    },
    "block.note_block.power_brass":
    {
        "sounds":
        [ 
            "note/power_brass"
        ]
    },
    "block.note_block.fantasia":
    {
        "sounds":
        [ 
            "note/fantasia"
        ]
    },
    "block.note_block.soundtrack":
    {
        "sounds":
        [ 
            "note/soundtrack"
        ]
    },
    "block.note_block.crystal":
    {
        "sounds":
        [ 
            "note/crystal"
        ]
    },
    "block.note_block.sitar":
    {
        "sounds":
        [ 
            "note/sitar"
        ]
    },
    "block.note_block.new_banjo":
    {
        "sounds":
        [ 
            "note/new_banjo"
        ]
    },
    "block.note_block.koto":
    {
        "sounds":
        [ 
            "note/koto"
        ]
    },
    "block.note_block.kalimba":
    {
        "sounds":
        [ 
            "note/kalimba"
        ]
    },
    "block.note_block.steel_drums":
    {
        "sounds":
        [ 
            "note/steel_drums"
        ]
    },
    "block.note_block.square_sfx":
    {
        "sounds":
        [ 
            "note/square_sfx"
        ]
    },
    "block.note_block.drums.kick":
    {
        "sounds":
        [ 
            "note/kick"
        ]
    },
    "block.note_block.drums.snare":
    {
        "sounds":
        [ 
            "note/new_snare"
        ]
    },
    "block.note_block.drums.snare_bah":
    {
        "sounds":
        [ 
            "note/snare_bah"
        ]
    },
    "block.note_block.drums.hat_snare":
    {
        "sounds":
        [ 
            "note/hat_snare"
        ]
    },
    "block.note_block.drums.hat":
    {
        "sounds":
        [ 
            "note/new_hat"
        ]
    },
    "block.note_block.drums.tom":
    {
        "sounds":
        [ 
            "note/tom"
        ]
    },
    "block.note_block.drums.cymbal":
    {
        "sounds":
        [ 
            "note/cymbal"
        ]
    },
    "block.note_block.drums.crash":
    {
        "sounds":
        [ 
            "note/crash"
        ]
    },
    "block.note_block.drums.strange_snare":
    {
        "sounds":
        [ 
            "note/strange_snare"
        ]
    },
    "block.note_block.rock_organ":
    {
        "sounds":
        [ 
            "note/rock_organ"
        ]
    },
    "block.note_block.drums.taiko_drum":
    {
        "sounds":
        [ 
            "note/taiko_drum"
        ]
    },
    "block.note_block.venus":
    {
        "sounds":
        [ 
            "note/venus"
        ]
    },
    "block.note_block.drums.power_snare":
    {
        "sounds":
        [ 
            "note/power_snare"
        ]
    },
    "block.note_block.drums.soft_kick":
    {
        "sounds":
        [ 
            "note/soft_kick"
        ]
    },
    "block.note_block.fiddle":
    {
        "sounds":
        [ 
            "note/fiddle"
        ]
    },
    "block.note_block.square_bass":
    {
        "sounds":
        [ 
            "note/square_bass"
        ]
    }
}